"",,,,,,,
"",LISTA MAYORISTA SIXelectric 09/22,,,,,,
"",,,,,,,
"",,,,,,,
"",descripción,,,lista U$,IVA,caja,
LEDs,"158,00",,,,,,
BULBOS LED,,,,,,,
991004859,"LAMP.LED BULB A60  7W E27 3000KSIXELECTRI0C                             0   ,  9    010,50",,,,,,
991004860,LAMP.LED BULB A60  7W E27 6000K,IXELECTR0IC,"0   ,  9    010,50",,,,
"991004861991004862991004863991004864","LAMP.LED BULB A60  9W E27 3000KSIXELECTRI0C                             0   ,  9    110,5010/50LAMP.LED BULB A60  9W E27 6000KSIXELECTRI0C                             0   ,  9    110,50LAMP.LED BULB A60 11W E27 3000KSIXELECTRI0C                             1   ,  1    110,5010/50LAMP.LED BULB A60 11W E27 6000KSIXELECTRI0C                             1   ,  1    110,50",,,,,,
"991006936991006937","LAMP.LED BULB A60 14W E27 3000KLAMP.LED BULB A60 14W E27 6000K","SIXELECTRI0CSIXELECTRI0C","1   ,  3    310,5010/501   ,  3    310,50",,,,
LÁMPARAS COLOR LED y ANTI INSECTOS,,,,,,,
"991010671LAMP.LED BULB ANTIINSECTO A60 9W E27 2700KSIXELECTR0IC                            4    ,  4   910,50","10/10010/10010/10010/10010/100",,,,,,
"991010667LAMP.LED BULB A60 7W E27 ROJA991010668LAMP.LED BULB A60 7W E27 AZUL991010669LAMP.LED BULB A60 7W E27 VERDE991010670LAMP.LED BULB A60 7W E27 AMARILLA","SIXELE0C,0T0RICSIXELE0C,0T0RICSIXELE0C,0T0RICSIXELE0C,0T0RIC","3  ,  0  3          1  0 , 5  03  ,  0  3          1  0 , 5  03  ,  0  3          1  0 , 5  03  ,  0  3          1  0 , 5  0",,,,,
BULBOS LED 12 Volt - EMERGENCIA,,,,,,,
991008219,LAMP.LED BULB A60 8W 12/24V E27 6000K,SIXELECTRI0C,"3   ,  5    810,50","10/10010/100",,,
991008221,LAMP.LED BULB EMERG. A65 8W E27 6000K,SIXELECTRI0C,"5   ,  3    910,50",,,,
ACCESORIOS,,,,,,,
991011684,ADAPTADOR ROSCA DE E27 a E40,"SIXELE0C,0T0RIC","0  ,  4  6            2  1","10001  00 / 100025/500",,,
991011552,ZOCALO GU10/GZ10 C/CABLE,"SIXELE0C,0T0RIC","0  ,  3  4            2  1",,,,
991011491,"ARRANCADOR UNIVERSAL FS-U 4-80WSIXELECTRI0C                             0   ,  2    521",,,,,,
LÁMPARAS ALTA POTENCIA tipo T,,,,,,,
991004867,"LAMP.LED ""T"" 20W E27 3000K",SIXELECTRI0C,"2   ,  9    110,50",,,,
"991004868991004869","LAMP.LED ""T"" 20W E27 6000KLAMP.LED ""T"" 30W E27 3000K","SIXELE0C,0T0RICSIXELE0C,0T0RIC","2  ,  9  1          1  0 , 5  04  ,  3  6          1  0 , 5  0",,,,
991004870,"LAMP.LED ""T"" 30W E27 6000K",,SIXELEC0TRIC,"4  ,  3  6          1  0 , 5  0",,,
"991004871991004872","LAMP.LED ""T"" 40W E27 3000KLAMP.LED ""T"" 40W E27 6000K","SIXELE0C,0T0RICSIXELE0C,0T0RIC","6  ,  1  2          1  0 , 5  0106  ,  1  2          1  0 , 5  0",,,,
991011683,"LAMP.LED ""T"" 50W E27 6000K","SIXELE0C,0T0RIC","8  ,  9  2          1  0 , 5  0",,,,
LÁMPARAS tipo T - uso INDUSTRIAL,,,,,,,
991010657,"LAMP.LED ""T"" 55W E40 6000K","SIXELE0C,0T0RIC","2   1   , 3   9        1  0 , 5  0",,,,
DICROICAS y AR111,,,,,,,
"991004873991009783","LAMP.DICROLED 5W 120o GU10 3000KLAMP.DICROLED 5W 120o GU10 4500K","SIXELECTRI0CSIXELECTRI0C","0   ,  9    910,500   ,  9    910,5010100",,,,
991004874,LAMP.DICROLED 5W 120o GU10 6000K,,SIXELEC0TRIC,"0  ,  9  9          1  0 , 5  0",,,
"991004875991009784991004876","LAMP.DICROLED 6W  36o GU10 3000KLAMP.DICROLED 6W  36o GU10 4500KLAMP.DICROLED 6W  36o GU10 6000K","SIXELE0C,0T0RICSIXELE0C,0T0RICSIXELE0C,0T0RIC","1  ,  3  7          1  0 , 5  01  ,  3  7          1  0 , 5  0     101001  ,  3  7          1  0 , 5  0",,,,
"991015088991015089","LAMP.DICROLED 8W  120o GU10 3000KLAMP.DICROLED 8W  120o GU10 6000K","SIXELE0C,0T0RICSIXELE0C,0T0RIC","1  ,  5  6          1  0 , 5  01  ,  5  6          1  0 , 5  0","10/10010/100",,,
"991004877991009785991004878991009786991009787991009788","LAMP.AR111 LED 15W 36o GU10 3000KLAMP.AR111 LED 15W 36o GU10 4500KLAMP.AR111 LED 15W 36o GU10 6000KLAMP.AR111 LED 15W DIM 36o GU10 3000KLAMP.AR111 LED 15W DIM 36o GU10 4500KLAMP.AR111 LED 15W DIM 36o GU10 6000K","SIXELE0C,0T0RICSIXELE0C,0T0RICSIXELE0C,0T0RICSIXELE0C,0T0RICSIXELE0C,0T0RICSIXELE0C,0T0RIC","5  ,  7  4          1  0 , 5  05  ,  7  4          1  0 , 5  0505  ,  7  4          1  0 , 5  07  ,  4  7          1  0 , 5  07  ,  4  7          1  0 , 5  0507  ,  4  7          1  0 , 5  0",,,,
BIPIN  G4  y  G9,,,,,,,
991011303,"LAMP. BIPIN LED 3,5W G4 3000K","SIXELE0C,0T0RIC","1  ,  9  6          1  0 , 5  0     10/200",,,,
"991011304991011305991011306","LAMP. BIPIN LED 3,5W G4 6000KLAMP. BIPIN LED 4W G9 3000KLAMP. BIPIN LED 4W G9 6000K","SIXELE0C,0T0RICSIXELE0C,0T0RICSIXELE0C,0T0RIC","1  ,  9  6          1  0 , 5  0     10/2001  ,  9  6          1  0 , 5  0     10/2001  ,  9  6          1  0 , 5  0     10/200",,,,
"991011307991011308","LAMP. BIPIN LED 5,5W G9 3000KLAMP. BIPIN LED 5,5W G9 6000K","SIXELE0C,0T0RICSIXELE0C,0T0RIC","2  ,  2  6          1  0 , 5  0     10/2002  ,  2  6          1  0 , 5  0     10/200",,,,
"",,,,,,,
"",,,,,
"",LISTA MAYORISTA SIXelectric 09/22,,,,
"",,,,,
"",,,,,
"LÁMPARAS VINTAGE LED DIMERIZABLESIVAPACK",,,,,
"991010672LAMP. FILAMENTO LED C35 5W DIM E14 3000KSIXELECTR0IC                            2    ,  5   410,5010/100",,,,,
"991010673LAMP. FILAMENTO LED C35 5W DIM E27 3000K991010674LAMP. FILAMENTO LED G45 5W DIM E27 3000K991010675LAMP. FILAMENTO LED A60 8W DIM E27 3000K","SIXELE0C,0T0RICSIXELE0C,0T0RICSIXELE0C,0T0RIC","2  ,  5  4          1  0 , 5  0     10/1002  ,  5  4          1  0 , 5  0     10/1003  ,  3  7          1  0 , 5  0     10/100",,,
"991010676LAMP. FILAMENTO LED ST64 7W DIM E27 3000K991010677LAMP. FILAMENTO LED G95 7W DIM E27 3000K","SIXELE0C,0T0RICSIXELE0C,0T0RIC","3  ,  9  5          1  0 , 5  05  ,  4  0          1  0 , 5  0","10/5040",,
991010678LAMP. FILAMENTO LED AMBAR A60 8W DIM E27 3000K,"SIXELE0C,0T0RIC","3  ,  4  8          1  0 , 5  0     10/100",,,
"991010679LAMP. FILAMENTO LED AMBAR ST64 7W DIM E27 3000K991010680LAMP. FILAMENTO LED AMBAR G95 7W DIM E27 3000K","SIXELE0C,0T0RICSIXELE0C,0T0RIC","4  ,  3  0          1  0 , 5  05  ,  8  9          1  0 , 5  0","10/5040",,
BULBOS FANTASÍA LED e INCANDECENTES,,,,,
"991010233LAMP.LED PERFUME 1,5W E14 3000KSIXELECTR0IC                            1    ,  4   810,50100/500",,,,,
"991011378991011379991011380991011381","LAMP. INCAND. PERF. CL. 15W E14SIXELECTR0IC                            0    ,  5   021100/500LAMP. INCAND. PERF. SATINADA 15W E14SIXELECTR0IC                            0    ,  5   021100/500LAMP. INCAND. PERF. CL. 25W E14SIXELECTR0IC                            0    ,  5   021100/500LAMP. INCAND. PERF. SATINADA 25W E14SIXELECTR0IC                            0    ,  5   021100/500",,,,
991006901,LAMP.LED VELA  C37 5W E14 6000K,SIXELECTRI0C,"0   ,  9    510,50",,
"991006902991006903991006904991006905","LAMP.LED VELA  C37 5W E14 3000KLAMP.LED VELA  C37 5W E27 6000KLAMP.LED VELA  C37 5W E27 3000KLAMP.LED GOTA G45 5W E27 6000K","SIXELECTRI0CSIXELECTRI0CSIXELECTRI0CSIXELECTRI0C","0   ,  9    510,500   ,  9    510,5010/500   ,  9    510,500   ,  9    510,50",,
991006906,LAMP.LED GOTA G45 5W E27 3000K,SIXELECTRI0C,"0   ,  9    510,50",,
"991011295991011296","LAMP.LED GOTA G45 5W E14 3000KSIXELECTRI0C                             0   ,  9    510,5010/50LAMP.LED GOTA G45 5W E14 6000KSIXELECTRI0C                             0   ,  9    510,50",,,,
991007500,LAMP.LED GLOBO G95 11W 6000K,SIXELECTRI0C,"3   ,  8    110,50","5050",
991007501,LAMP.LED GLOBO G95 11W 3000K,SIXELECTRI0C,"3   ,  8    110,50",,
TUBOS LED,,,,,
991010658TUBO LED EMERG. T8 18W G13 LUZ DIA 120cm,IXELECTR0IC,"1    2    ,  5   210,50","302525252525252515",,
"991009606991009607991009608","TUBO LED T8 9W G13 LUZ CALIDA 60cmTUBO LED T8 9W G13 LUZ NEUTRA 60cmTUBO LED T8 9W G13 LUZ DIA 60cm","SIXELECTRI0CSIXELECTRI0CSIXELECTRI0C","1   ,  8    110,501   ,  8    110,501   ,  8    110,50",,
991009609,TUBO LED T8 18W G13 LUZ CALIDA 120cm,SIXELECTRI0C,"2   ,  2    310,50",,
"991009610991009611991009612","TUBO LED T8 18W G13 LUZ NEUTRA 120cmTUBO LED T8 18W G13 LUZ DIA 120cmTUBO LED T8 22W G13 LUZ DIA 150cm","SIXELECTRI0CSIXELECTRI0CSIXELECTRI0C","2   ,  2    310,502   ,  2    310,504   ,  2    210,50",,
991009613,TUBO LED T8 36W G13 LUZ DIA 240cm,SIXELECTRI0C,"1    4   ,  7   510,50",,
LISTONES p/TUBOS LED,,,,,
"991010242991010364991010243991010365","LISTON SIMPLE 60cm TUBO LEDSIXELECTRI0C                             2   ,  0    421LISTON DOBLE 60cm TUBO LEDSIXELECTRI0C                             2   ,  9    321LISTON SIMPLE 120cm TUBO LEDSIXELECTRI0C                             2   ,  6    021LISTON DOBLE 120cm TUBO LEDSIXELECTRI0C                             3   ,  2    221","25252525",,,
LISTONES INTERCONECTABLES * tipo BAJO ALACENA,,,,,
"991014979LISTON LED T5 4W 3000K 30 CM (50)SIXELECTR0IC                            5    ,  7   92150991014980LISTON LED T5 4W 6000K 30 CM (50)SIXELECTR0IC                            5    ,  7   92150991014981LISTON LED T5 8W 3000K 56 CM (50)SIXELECTR0IC                            7    ,  1   22150991014982LISTON LED T5 8W 6000K 56 CM (50)SIXELECTR0IC                            7    ,  1   22150991014983LISTON LED T5 12W 3000K 87 CM (50)SIXELECTR0IC                            9    ,  2   52150",,,,,
"991014985LISTON LED T5 12W 6000K 87 CM (50)SIXELECTRI0C                             9   ,  2    521991014986LISTON LED T5 16W 3000K 118 CM (50)SIXELECTRI0C                           1    1   ,  0   221991014988LISTON LED T5 16W 6000K 118 CM (50)SIXELECTRI0C                           1    1   ,  0   221","505050",,,,
"",,,,,
"",,,,,,,
"",LISTA MAYORISTA SIXelectric 09/22,,,,,,
"",,,,,,,
"",,,,,,,
PROYECTORES LED SMD,,,,,,,
"991004918991006740991004919991006741991004920991006742991004921991006743","PROYECTOR LED SMD   10W LUZ DIAPROYECTOR LED SMD   10W LUZ CALIDAPROYECTOR LED SMD   20W LUZ DIAPROYECTOR LED SMD   20W LUZ CALIDAPROYECTOR LED SMD   30W LUZ DIAPROYECTOR LED SMD   30W LUZ CALIDAPROYECTOR LED SMD   50W LUZ DIAPROYECTOR LED SMD   50W LUZ CALIDA","SIXELE0C,0T0RICSIXELE0C,0T0RICSIXELE0C,0T0RICSIXELE0C,0T0RICSIXELE0C,0T0RICSIXELE0C,0T0RICSIXELE0C,0T0RICSIXELE0C,0T0RIC","4  ,  7  4            2  14  ,  7  4            2  18  ,  5  1            2  18  ,  5  1            2  11   3   , 1   1          2  11   3   , 1   1          2  11   7   , 8   4          2  11   7   , 8   4          2  1","6060404030302020",,,
991006744,PROYECTOR LED SMD   70W LUZ DIA,"SIXELE0C,0T0RIC","2   9   , 4   7          2  1",10,,,
"991006745991010880991006746991006747991009206991010662","PROYECTOR LED SMD  100W LUZ DIAPROYECTOR LED SMD  100W LUZ CALIDAPROYECTOR LED SMD  150W LUZ DIAPROYECTOR LED SMD  200W LUZ DIAPROYECTOR LED SMD  300W LUZ DIAPROYECTOR LED SMD 400W LUZ DIA","SIXELE0C,0T0RICSIXELE0C,0T0RICSIXELE0C,0T0RICSIXELE0C,0T0RICSIXELE0C,0T0RICSIXELE0C,0T0RIC","3   6   , 2   5          2  13   6   , 2   5          2  16   9   , 7   0          2  19   8   , 9   4          2  11   4  5   , 1   0         2  13   1  4   , 0   6         2  1","664321",,,
"",991009658,PROYECTOR LED SMD HIGHLINE 400W LUZ DIA 60°,"SIXELE0C,0T0RIC",6   6   2            2  1,1,,
"","991009659991009660991009140","PROYECTOR LED SMD HIGHLINE 600W LUZ DIA 60°PROYECTOR LED SMD HIGHLINE  800W LUZ DIA 60°PROYECTOR LED SMD HIGHLINE 1000W LUZ DIA 60°","SIXELE0C,0T0RICSIXELE0C,0T0RICSIXELE0C,0T0RIC","9   7   2            2  11   . 5   6   4          2  11   . 9   0   4          2  1","111",,
ACCESORIOS,,,,,,,
"991009878991009879","TRIPODE PARA PROYECTOR LED SIMPLETRIPODE PARA PROYECTOR LED DOBLE","SIXELE0C,0T0RICSIXELE0C,0T0RIC","4   0   , 5   9          2  14   7   , 0   5          2  1",,,,
991009880,JABALINA PARA PROYECTOR LED,"SIXELE0C,0T0RIC","5  ,  1  0            2  1",,,,
PROYECTORES RGB - ASIMÉTRICO - BAJO VOLTAJE,,,,,,,
"991010881PROYECTOR LED ASIMETRICO 50W LUZ CALIDASIXELECTR0IC                          4    8    ,  4   7211991007969PROYECTOR LED SMD RGB 20WSIXELECTR0IC                          4    9    ,  3   42140",,,,,,,
991007970,"PROYECTOR LED SMD RGB 30WSIXELECTR0IC                          5    5    ,  3   52120",,,,,,
991007971,PROYECTOR LED SMD RGB 50W,"SIXELE0C,0T0RIC","6   6   , 8   3          2  1",10,,,
"",991008050,PROYECTOR LED SMD 25W LUZ DIA 12/24VCC,"SIXELE0C,0T0RIC","4   7   , 2   8          2  1",10,,
PROYECTORES LED SMD con SENSOR ORIENTABLE,,,,,,,
"991007200991007201991007202991007203","PROYECTOR LED SMD C/SENSOR 10W LUZ DIAPROYECTOR LED SMD C/SENSOR 20W LUZ DIAPROYECTOR LED SMD C/SENSOR 30W LUZ DIAPROYECTOR LED SMD C/SENSOR 50W LUZ DIA","SIXELE0C,0T0RICSIXELE0C,0T0RICSIXELE0C,0T0RICSIXELE0C,0T0RIC","1   9   , 6   3          2  12   4   , 5   5          2  12   8   , 5   5          2  13   8   , 0   2          2  1","40201010",,,
LÍNEA SOLAR:  PROYECTORES y LUMINARIAS,,,,,,,
"","991012322991012323991012324991012325","PROYECTOR LED SOLAR 50W LUZ DIAPROYECTOR LED SOLAR 100WLUZ DIAPROYECTOR LED SOLAR 200WLUZ DIAPROYECTOR LED SOLAR 300WLUZ DIA","SIXELE0C,0T0RICSIXELE0C,0T0RICSIXELE0C,0T0RICSIXELE0C,0T0RIC","1   2  7   , 3   0         2  11   8  2   , 8   4         2  12   2  5   , 8   1         2  12   9  4   , 0   4         2  1","1111",,
"","991012326991012327","LUMINARIA DE LED SOLAR 60W LUZ DIALUMINARIA DE LED SOLAR 100W LUZ DIA","SIXELE0C,0T0RICSIXELE0C,0T0RIC","1   6  6   , 1   7         2  12   1  5   , 9   6         2  1","11",,
"",,,,,,,
"",,,,,,
"",LISTA MAYORISTA SIXelectric 09/22,,,,,
"",,,,,,
"",,,,,,
CAMPANAS INDUSTRIALES LED tipo HIGH BAY,,,,,,
"991009661991009662","CAMPANA IND. LED 100W 10000 lm LUZ DIA 6500KCAMPANA IND. LED 200W 20000 lm LUZ DIA 6500K","SIXELE0C,0T0RICSIXELE0C,0T0RIC","6   3   , 1   2          2  11   0  2   , 1   7         2  1","11",,
LUMINARIA LED ALUMBRADO PÚBLICO,,,,,,
"991010759991010760991010761","LUMINARIA LED CALLE 30W LUZ DIA 6500K 2550 lmLUMINARIA LED CALLE 50W LUZ DIA 6500K 4250 lmLUMINARIA LED CALLE 100W LUZ DIA 6500K 8500 lm","SIXELE0C,0T0RICSIXELE0C,0T0RICSIXELE0C,0T0RIC","3   5   , 6   3          2  15   6   , 6   8          2  11   0  0   , 3   3         2  1",,,
991010629,LUMINARIA ALUM. PUBLICO LED 150W LUZ DIA 6500K 18000 lm,"SIXELE0C,0T0RIC","1   7  7   , 0   2         2  1",1,,
"",,,,,,
CINTAS AISLADORAS (norma IRAM),,,,,,
"991008237991008238","CINTA AISLADORA NEGRA 10MTS.CINTA AISLADORA NEGRA 20MTS.","SIXELECTRI0C**SIXELECTRI0C**","0    , 6    0211    , 0    921","160110",,
BUSCAPOLOS,,,,,,
"991014734991014735","BUSCAPOLO CHICO 140mm 100-250VCABUSCAPOLO GRANDE 190mm 100-250VCA","SIXELECTRI0CSIXELECTRI0C","0   ,  7    3210   ,  9    021","20/120020/1200",,
"PANELES PREMIUM clase A -difusor acrílico Mitsubishi Japan. Máxima luminosidad, alcance y uniformidad de luz",,,,,,
EMBUTIR,,,,,,
"991006526991006527991007223","PANEL LED REDONDO EMBUTIR  6W 3000KSIXELECTRI0C                             4   ,  6    02110PANEL LED REDONDO EMBUTIR  6W 4500KSIXELECTRI0C                             4   ,  6    02110PANEL LED REDONDO EMBUTIR  6W 6000KSIXELECTRI0C                             4   ,  6    02110",,,,,
991004886,"PANEL LED REDONDO EMBUTIR 12W 3000KSIXELECTRI0C                             7   ,  1    121",,,,,
991004887,PANEL LED REDONDO EMBUTIR 12W 4500K,"SIXELE0C,0T0RIC","7  ,  1  1            2  1",,,
991007208,PANEL LED REDONDO EMBUTIR 12W 6000K,"SIXELE0C,0T0RIC","7  ,  1  1            2  1",10,,
991004888,PANEL LED REDONDO EMBUTIR 18W 3000K,,,SIXELEC0TRIC,"9  ,  7  9            2  1",
991004889,PANEL LED REDONDO EMBUTIR 18W 4500K,"SIXELE0C,0T0RIC","9  ,  7  9            2  1",,,
991007209,PANEL LED REDONDO EMBUTIR 18W 6000K,"SIXELE0C,0T0RIC","9  ,  7  9            2  1",10,,
"991004890991004891","PANEL LED REDONDO EMBUTIR 24W 3000KPANEL LED REDONDO EMBUTIR 24W 4500K","SIXELE0C,0T0RICSIXELE0C,0T0RIC","1   6   , 6   0          2  1101   6   , 6   0          2  1",,,
991007210,PANEL LED REDONDO EMBUTIR 24W 6000K,"SIXELE0C,0T0RIC","1   6   , 6   0          2  1",10,,
"991006528991006529991007214","PANEL LED CUADRADO EMBUTIR  6W 3000KPANEL LED CUADRADO EMBUTIR  6W 4500KPANEL LED CUADRADO EMBUTIR  6W 6000K","SIXELE0C,0T0RICSIXELE0C,0T0RICSIXELE0C,0T0RIC","4  ,  9  1            2  14  ,  9  1            2  14  ,  9  1            2  1","101010",,
991004892,PANEL LED CUADRADO EMBUTIR 12W 3000K,"SIXELE0C,0T0RIC","7  ,  6  2            2  1",,,
991004893,PANEL LED CUADRADO EMBUTIR 12W 4500K,,,"SIXELEC0TRICSIXELEC0TRIC","7  ,  6  2            2  1",
991007211,PANEL LED CUADRADO EMBUTIR 12W 6000K,,"7  ,  6  2            2  1",10,,
"991004894991004895","PANEL LED CUADRADO EMBUTIR 18W 3000KPANEL LED CUADRADO EMBUTIR 18W 4500K","SIXELE0C,0T0RICSIXELE0C,0T0RIC","1   1   , 1   2          2  1101   1   , 1   2          2  1",,,
991007212,PANEL LED CUADRADO EMBUTIR 18W 6000K,"SIXELE0C,0T0RIC","1   1   , 1   2          2  1",10,,
991004896,PANEL LED CUADRADO EMBUTIR 24W 3000K,"SIXELE0C,0T0RIC","1   7   , 5   8          2  1",,,
991004897,PANEL LED CUADRADO EMBUTIR 24W 4500K,,"SIXELEC0TRICSIXELEC0TRIC","1   7   , 5   8          2  1",,
991007213,PANEL LED CUADRADO EMBUTIR 24W 6000K,,"1   7   , 5   8          2  1",10,,
PANELES ILUMINACIÓN COMERCIAL de 60 y 120 cm,,,,,,
"991008081991008082991004882","PANEL LED 60X60 EMBUTIR BLANCO 40W 3000KPANEL LED 60X60 EMBUTIR BLANCO 40W 6000KPANEL LED 60X60 EMBUTIR 48W 3000K","SIXELE0C,0T0RICSIXELE0C,0T0RICSIXELE0C,0T0RIC","3   9   , 9   4          2  13   9   , 9   4          2  14   2   , 0   4          2  1","6541125",,
991010205,SET 4 CLIPS P/ PANEL LED 60x60 / 30x120,"SIXELE0C,0T0RIC","3  ,  1  4            2  1",,,
991010206,DRIVER 40W P/ PANEL 60x60 / 30x120,"SIXELE0C,0T0RIC","8  ,  1  8            2  1",,,
991007502,MARCO DE APLICAR PARA PANEL 60X60,"SIXELE0C,0T0RIC","1   7   , 0   6          2  1",,,
991004884,PANEL LED 60X60 APLICAR  48W 3000K,"SIXELE0C,0T0RIC","0  ,  0  0            2  14",,,
"991008222991008223","PANEL LED 30X120 EMB.40W 6000KMARCO DE APLICAR PARA PANEL 30X120","SIXELE0C,0T0RICSIXELE0C,0T0RIC","6   1   , 3   0          2  12   4   , 8   3          2  1","51",,
APLICAR,,,,,,
"",,,,,,
"",LISTA MAYORISTA SIXelectric 09/22,,,,,
"",,,,,,
"",,,,,,
"991006530991006531","PANEL LED REDONDO APLICAR  6W 3000KPANEL LED REDONDO APLICAR  6W 4500K","SIXELE0C,0T0RICSIXELE0C,0T0RIC","5  ,  7  4            2  15  ,  7  4            2  1",,,
991007215,PANEL LED REDONDO APLICAR  6W 6000K,"SIXELE0C,0T0RIC","5  ,  7  4            2  1",,,
991004898,PANEL LED REDONDO APLICAR 12W 3000K,"SIXELE0C,0T0RIC","8  ,  8  7            2  110",,,
991004899,PANEL LED REDONDO APLICAR 12W 4500K,"SIXELE0C,0T0RIC","8  ,  8  7            2  1",,,
991007216,PANEL LED REDONDO APLICAR 12W 6000K,"SIXELE0C,0T0RIC","8  ,  8  7            2  1",,,
991004900,PANEL LED REDONDO APLICAR 18W 3000K,"SIXELE0C,0T0RIC","1   1   , 9   3          2  110",,,
991004901,PANEL LED REDONDO APLICAR 18W 4500K,"SIXELE0C,0T0RIC","1   1   , 9   3          2  1",,,
991007217,PANEL LED REDONDO APLICAR 18W 6000K,"SIXELE0C,0T0RIC","1   1   , 9   3          2  1",,,
991004902,PANEL LED REDONDO APLICAR 24W 3000K,"SIXELE0C,0T0RIC","1   8   , 5   1          2  110",,,
991004903,PANEL LED REDONDO APLICAR 24W 4500K,,"SIXELEC0TRICSIXELEC0TRIC","1   8   , 5   1          2  1",,
991007218,PANEL LED REDONDO APLICAR 24W 6000K,,"1   8   , 5   1          2  1",,,
991006532,PANEL LED CUADRADO APLICAR  6W 3000K,,SIXELEC0TRIC,"5  ,  9  5            2  1",,
991006533,PANEL LED CUADRADO APLICAR  6W 4500K,,SIXELEC0TRIC,"5  ,  9  5            2  1",,
991007222,PANEL LED CUADRADO APLICAR  6W 6000K,,SIXELEC0TRIC,"5  ,  9  5            2  1",,
991004904,PANEL LED CUADRADO APLICAR 12W 3000K,"SIXELE0C,0T0RIC","9  ,  1  6            2  1",,,
991004905,PANEL LED CUADRADO APLICAR 12W 4500K,"SIXELE0C,0T0RIC","9  ,  1  6            2  1",,,
991007219,PANEL LED CUADRADO APLICAR 12W 6000K,"SIXELE0C,0T0RIC","9  ,  1  6            2  1",,,
991004906,PANEL LED CUADRADO APLICAR 18W 3000K,,SIXELEC0TRIC,"1   2   , 7   0          2  1",,
991004907,PANEL LED CUADRADO APLICAR 18W 4500K,"SIXELE0C,0T0RIC","1   2   , 7   0          2  1",,,
991007220,PANEL LED CUADRADO APLICAR 18W 6000K,"SIXELE0C,0T0RIC","1   2   , 7   0          2  1",,,
"991004908991004909","PANEL LED CUADRADO APLICAR 24W 3000KPANEL LED CUADRADO APLICAR 24W 4500K","SIXELE0C,0T0RICSIXELE0C,0T0RIC","1   9   , 4   4          2  1101   9   , 4   4          2  1",,,
991007221,PANEL LED CUADRADO APLICAR 24W 6000K,"SIXELE0C,0T0RIC","1   9   , 4   4          2  1",,,
"",APLIQUES L,D tipo TORTUGAS  IP54,,,,
"991010609991010610991010611991010612991010613991010614991010615991010616","TORTUGA LED REDONDA BLANCA 6W 4500KSIXELECTRI0C                             6   ,  1    42140TORTUGA LED REDONDA NEGRA 6W 4500KSIXELECTRI0C                             6   ,  1    42140TORTUGA LED REDONDA BLANCA 12W 4500KSIXELECTRI0C                             8   ,  0    42130TORTUGA LED REDONDA NEGRA 12W 4500KSIXELECTRI0C                             8   ,  0    42130TORTUGA LED OVALADA BLANCA 9W 4500KSIXELECTRI0C                             6   ,  6    02132TORTUGA LED OVALADA NEGRA 9W 4500KSIXELECTRI0C                             6   ,  6    02132TORTUGA LED OVALADA BLANCA 18W 4500KSIXELECTRI0C                           1    2   ,  9   02124TORTUGA LED OVALADA NEGRA 18W 4500KSIXELECTRI0C                           1    2   ,  9   02124",,,,,
"",LINTERNAS,ED,,,,
"991004942991004947991004948991006405991006406991004949","LINTERNA VINCHA LED COB 5WLINT.ALUMINIO LED SAMSUNG 3W -NGLINT.ALUMINIO LED SAMSUNG 3W -AZLINT.ALUMINIO LED SAMSUNG 3W -ROLINT.ALUMINIO LED SAMSUNG 3W -ALULINT.ALUMINIO LED SAMSUNG 3W -DOR","SIXELE0C,0T0RICSIXELE0C,0T0RICSIXELE0C,0T0RICSIXELE0C,0T0RICSIXELE0C,0T0RICSIXELE0C,0T0RIC","3  ,  8  7            2  13  ,  3  5            2  13  ,  3  5            2  13  ,  3  5            2  13  ,  3  5            2  13  ,  3  5            2  1","100125/25125/25125/25125/25125/25",,
"991006408991006407991004950991004945","LINT.ZOOM LED CREE 5WLINTERNA DE TRABAJO MULTIPLE LED 4WLINTERNA DE TRABAJO 3en1 LED COB 2WLINTERNA FAROL 2en1 LED COB 3W","SIXELE0C,0T0RICSIXELE0C,0T0RICSIXELE0C,0T0RICSIXELE0C,0T0RIC","6  ,  8  1            2  11   0   , 0   9          2  15  ,  1  7            2  17  ,  3  9            2  1","140/70100100100/50",,
991006409,LINTERNA FAROL 2en1 LED COB 5W,"SIXELE0C,0T0RIC","2   0   , 5   1          2  1",20,,
"",LISTA MAYORISTA SIXelectric 09/22,,,,,,
991006410,"PROYECTOR PORTATIL LED 10W SIXELE0C,0T0RIC",19,", 8",5,,2  1,30/10
"",,,,,,,
991007398,"LINT.TECLA LED COB 1W (3 x AAA) SIXELE0C,0T0RIC","2  ,  8  8",,,,2  1,100
"",,,,,,,
991007399,"LINT.TRABAJO ORIENTABLE LED 3W (3 x AA) SIXELE0C,0T0RIC","5  ,  9  1",,,,2  1,100
"",,,,,,,
991007400,"LINT.GOMA IMPERMEABLE LED 3W (2 x D) SIXELE0C,0T0RIC","4  ,  6  3",,,,2  1,50
"",,,,,,,
991007401,"LINT.GOMA IMPERMEABLE LED 1W (2 x AA) SIXELE0C,0T0RIC","2  ,  9  2",,,,2  1,100
"",,,,,,,
TIMBRES INALÁMBRICOS,,,,,,,
991007965,"TIMBRE INALAMBRICO MOD. 9613 SIXELE0C,0T0RIC","8  ,  9  7",,,,2  1,60
"",,,,,,,
INTERRUPTORES DIFERENCIALES - DISYUNTORES,,,,,,,
4439788,INT.DIFERENCIAL 2x25A 30mA SIXELECTRI0C,14,",  5",3,,21,90
4439789,INT.DIFERENCIAL 2x40A 30mA SIXELECTRI0C,14,",  5",3,,21,90
991011701,INT.DIFERENCIAL 2x63A 30mA SIXELECTRI0C,16,",  6",0,,21,90
991011702,INT.DIFERENCIAL 2x80A 30mA SIXELECTRI0C,24,",  6",8,,21,1
4439790,INT.DIFERENCIAL 4x40A 30mA SIXELECTRI0C,20,",  8",8,,21,1
4439791,INT.DIFERENCIAL 4x63A 30mA SIXELECTRI0C,24,",  7",3,,21,1
INTERRUPTORES TERMOMAGNÉTICOS,,,,,,,
4439755,INT.TERMOMAG 1x 6A SIXELECTRI0C,"2,  0",2,,,21,12 / 240
4439756,INT.TERMOMAG 1x10A SIXELECTRI0C,"2,  0",2,,,21,12 / 240
4439757,INT.TERMOMAG 1x16A SIXELECTRI0C,"2,  0",2,,,21,12 / 240
4439758,INT.TERMOMAG 1x20A SIXELECTRI0C,"2,  0",2,,,21,12 / 240
4439759,INT.TERMOMAG 1x25A SIXELECTRI0C,"2,  0",2,,,21,12 / 240
4439760,INT.TERMOMAG 1x32A SIXELECTRI0C,"2,  0",2,,,21,12 / 240
4439761,INT.TERMOMAG 1x40A SIXELECTRI0C,"2,  0",2,,,21,12 / 240
4439762,INT.TERMOMAG 1x50A SIXELECTRI0C,"2,  1",7,,,21,12 / 240
4439763,INT.TERMOMAG 1x63A SIXELECTRI0C,"2,  1",7,,,21,12 / 240
4439764,INT.TERMOMAG 2x 6A SIXELECTRI0C,"4,  0",3,,,21,6 / 120
4439765,INT.TERMOMAG 2x10A SIXELECTRI0C,"4,  0",3,,,21,6 / 120
4439766,INT.TERMOMAG 2x16A SIXELECTRI0C,"4,  0",3,,,21,6 / 120
4439767,INT.TERMOMAG 2x20A SIXELECTRI0C,"4,  0",3,,,21,6 / 120
4439768,INT.TERMOMAG 2x25A SIXELECTRI0C,"4,  0",3,,,21,6 / 120
4439769,INT.TERMOMAG 2x32A SIXELECTRI0C,"4,  0",3,,,21,6 / 120
4439770,INT.TERMOMAG 2x40A SIXELECTRI0C,"4,  0",3,,,21,6 / 120
4439771,INT.TERMOMAG 2x50A SIXELECTRI0C,"4,  3",4,,,21,6 / 120
4439772,INT.TERMOMAG 2x63A SIXELECTRI0C,"4,  3",4,,,21,6 / 120
991011704,INT.TERMOMAG 2x80A SIXELECTRI0C,10,",  8",9,,21,1
991001850,INT.TERMOMAG 3x 6A SIXELECTRI0C,"6,  0",5,,,21,2 / 80
991001851,INT.TERMOMAG 3x10A SIXELECTRI0C,"6,  0",5,,,21,3 / 80
4439773,INT.TERMOMAG 3x16A SIXELECTRI0C,"6,  0",5,,,21,4 / 80
4439774,INT.TERMOMAG 3x20A SIXELECTRI0C,"6,  0",5,,,21,4 / 80
4439775,INT.TERMOMAG 3x25A SIXELECTRI0C,"6,  0",5,,,21,4 / 80
4439776,INT.TERMOMAG 3x32A SIXELECTRI0C,"6,  0",5,,,21,4 / 80
4439777,INT.TERMOMAG 3x40A SIXELECTRI0C,"6,  0",5,,,21,4 / 80
4439778,INT.TERMOMAG 3x50A SIXELECTRI0C,"6,  5",2,,,21,4 / 80
4439779,INT.TERMOMAG 3x63A SIXELECTRI0C,"6,  5",2,,,21,4 / 80
991001852,INT.TERMOMAG 4x  6A SIXELECTRI0C,"8,  0",6,,,21,0 / 60
991001853,INT.TERMOMAG 4x 10A SIXELECTRI0C,"8,  0",6,,,21,1 / 60
991001854,INT.TERMOMAG 4x 16A SIXELECTRI0C,"8,  0",6,,,21,2 / 60
4439780,INT.TERMOMAG 4x 20A SIXELECTRI0C,"8,  0",6,,,21,3 / 60
4439781,INT.TERMOMAG 4x 25A SIXELECTRI0C,"8,  0",6,,,21,3 / 60
4439782,INT.TERMOMAG 4x 32A SIXELECTRI0C,"8,  0",6,,,21,3 / 60
4439783,INT.TERMOMAG 4x 40A SIXELECTRI0C,"8,  0",6,,,21,3 / 60
4439784,INT.TERMOMAG 4x 50A SIXELECTRI0C,"8,  6",9,,,21,3 / 60
4439785,INT.TERMOMAG 4x 63A SIXELECTRI0C,"8,  6",9,,,21,3 / 60
991012052,INT.TERMOMAG 4x 80A SIXELECTRI0C,"8,  6",9,,,21,3 / 60
991012053,INT.TERMOMAG 4x 100A SIXELECTRI0C,"8,  6",9,,,21,3 / 60
"",LISTA MAYORISTA SIXelectric 09/22,,,
SOPORTES TV,,IVA,IVA,caja
"991007204 SOPORTE LCD FIJO 19"" A 42"" - SOPFI2321",SIXELECTRI0C,"7,  69",21,24
"",,,,
"991007205 SOPORTE LCD FIJO 26"" A 55"" - SOPFI3321",SIXELECTRI0C,"11,  09",21,16
"",,,,
"991009852 SOPORTE LCD BASCULANTE 19"" A 42"" - SOPBAS2322",SIXELECTRI0C,"11,  21",21,24
"991009853 SOPORTE LCD BASCULANTE 26"" A 55"" - SOPBAS3322",SIXELECTRI0C,"16,  02",21,15
"",,,,
"991009854 SOPORTE LCD BASCULANTE 32"" A 65"" - SOPBAS4322",SIXELECTRI0C,"25,  36",21,12
"",,,,
"991014894 SOPORTE LCD BASCULANTE 42"" A 80"" - SOPBAS612",SIXELECTRI0C,"41,  99",21,
"",,,,
"991007206 SOPORTE LCD ARTIC. 19"" A 42"" - SOPART2264",SIXELECTRI0C,"26,  77",21,8
"",,,,
"991007207 SOPORTE LCD ARTIC. 26"" A 55"" - SOPART3164",SIXELECTRI0C,"39,  79",21,4
"",,,,
"991012382 SOPORTE DE ESCRITORIO ARTIC. MONITOR 17"" A 26"" - SOPESC1112",SIXELECTRI0C,"42,  43",21,6
"",,,,
ESCALERAS de ALUMINIO y accesorios,,,,
NUEVAS MULTIPROPÓSITO  ? ?WORKMASTER ? ?,,,,
991003673 Esc WORKMASTER 4x3,SIXELECTRIC0,"195,65",21,1
991003674 Esc WORKMASTER 4x4,SIXELECTRI0C,"243,  2 7",21,1
991003675 Esc WORKMASTER 4x5,SIXELECTRI0C,"285,  9 2",21,1
ESCALERAS MULTIPROPÓSITO,,,,
37156255 Esc alum MULTIPROPOS. 4x3 esc KMP403,SIXELECTRI0C,"165,  2 4",21,1
37156256 Esc alum MULTIPROPOS. 4x4 esc KMP404,SIXELECTRI0C,"188,  9 9",21,1
37156312 Esc alum MULTIPROPOS. 4x5 esc KMP405,SIXELECTRI0C,"222,  8 5",21,1
991014029 Esc alum MULTIPROPOS. PESADA 4x3 esc EMH403,SIXELECTRI0C,"199,  3 9",21,1
991014030 Esc alum MULTIPROPOS. PESADA 4x4 esc EMH404,SIXELECTRI0C,"236,  5 7",21,1
991014031 Esc alum MULTIPROPOS. PESADA 4x5 esc EMH405,SIXELECTRI0C,"299,  0 4",21,1
37156309 PATA GOMA p/ESC MULTIPROPOSITO,SIXELECTRI0C,"4,  20",21,1
37156308 ARTICULACION p/Multiprop. HINGE,SIXELECTRI0C,"22,  51",21,1
37156307 SOPORTE GANCHO P/COLGAR,SIXELECTRI0C,"4,  17",21,1
COMERCIALES,,,,
37156260 Esc alum COMERC. 3 esc  63cm KMH103,SIXELECTRIC,"39,  93",21,2
"",0,,,
37156261 Esc alum COMERC. 4 esc  85cm KMH104,SIXELECTRI0C,"49,  10",21,2
37156262 Esc alum COMERC. 5 esc 107cm KMH105,SIXELECTRI0C,"56,  94",21,2
37156263 Esc alum COMERC. 6 esc 129cm KMH106,SIXELECTRI0C,"67,  35",21,2
37156264 Esc alum COMERC. 7 esc 151cm KMH107,SIXELECTRI0C,"78,  68",21,2
37156265 Esc alum COMERC. 8 esc 173cm KMH108,SIXELECTRI0C,"91,  33",21,2
991012645 Esc alum COMERC. 9 esc 195cm KMH109,SIXELECTRI0C,"108,  7 7",21,2
BANQUETAS ALUMINIO PLEGABLES,,,,
991012646 Banqueta Esc alum 2 esc 43cm KMB102,SIXELECTRI0C,"34,  55",21,1
991012647 Banqueta Esc alum 3 esc 64cm KMB103,SIXELECTRI0C,"39,  97",21,1
"SKYCOLOR: DOBLES, color,  con perfil  ? ?Ala de avión ? ? SUPER RESISTENTE",,,,
991003634 Esc SKYCOLOR 2 esc. BL.,SIXELECTRI0C,"56,  97",21,1
991003638 Esc SKYCOLOR 3 esc. BL.,SIXELECTRI0C,"79,  12",21,1
991003642 Esc SKYCOLOR 4 esc. BL.,SIXELECTRI0C,"104,  4 4",21,1
991003646 Esc SKYCOLOR 5 esc. BL.,SIXELECTRI0C,"0,  00",21,1
"",LISTA MAYORISTA SIXelectric 09/22,,,,,
"",RECTAS de 1 TRAMO,,,,,
37156276,Esc alum RECTA 198cm 7 esc KME107 SIXELECTRI0C,"37,  8",6,,21,1
37156277,Esc alum RECTA 225cm 8 esc KME108 SIXELECTRI0C,"47,  5",7,,21,1
37156278,Esc alum RECTA 253cm 9 esc KME109 SIXELECTRI0C,"53,  5",4,,21,1
37156279,Esc alum RECTA 281cm 10 esc KME110 SIXELECTRI0C,"59,  4",7,,21,1
37156287,Esc alum RECTA 300cm 11 esc KME111 SIXELECTRI0C,"67,  4",0,,21,1
37156288,Esc alum RECTA 359cm 13 esc KME113 SIXELECTRI0C,"79,  2",9,,21,1
37156289,Esc alum RECTA 413cm 15 esc KME115 SIXELECTRI0C,"93,  1",9,,21,1
"",EXTENSIBLES de 2 TRAMOS (función colisa y tijera),,,,,
37156273,Esc alum EXTENS. 2 tramos 365cm KME208 SIXELECTRI0C,103,",  0",2,21,1
37156274,Esc alum EXTENS. 2 tramos 421cm KME209 SIXELECTRI0C,115,",  1",4,21,1
37156275,Esc alum EXTENS. 2 tramos 477cm KME210 SIXELECTRI0C,128,",  4",7,21,1
37156286,Esc alum EXTENS. 2 tramos 580cm KME212 SIXELECTRI0C,152,",  7",0,21,1
37156302,Esc alum EXTENS. 2 tramos 616cm KME213 SIXELECTRI0C,159,",  1",6,21,1
37156304,Esc alum EXTENS. 2 tramos 680cm KME214 SIXELECTRI0C,165,",  6",1,21,1
37156303,Esc alum EXTENS. 2 tramos 737cm KME215 SIXELECTRI0C,176,",  9",8,21,1
"",EXTENSIBLES de 3 TRAMOS (función colisa y tijera),,,,,
37156313,Esc alum EXTENS. 3 tramos  337cm KME306 SIXELECTRI0C,103,",  7",1,21,1
37156306,Esc alum EXTENS. 3 tramos  421cm KME307 SIXELECTRIC,0134,",  8",5,21,1
37156270,Esc alum EXTENS. 3 tramos  503cm KME308 SIXELECTRI0C,153,",  4",9,21,1
37156271,Esc alum EXTENS. 3 tramos  589cm KME309 SIXELECTRI0C,173,",  0",0,21,1
37156272,Esc alum EXTENS. 3 tramos  673cm KME310 SIXELECTRI0C,190,",  8",3,21,1
37156284,Esc alum EXTENS. 3 tramos  840cm KME312 SIXELECTRI0C,228,",  1",7,21,1
37156285,Esc alum EXTENS. 3 tramos 1000cm KME314 SIXELECTRI0C,265,",  5",0,21,1
37156301,Esc alum EXTENS. 3 tramos 1090cm KME315 SIXELECTRI0C,282,",  1",0,21,1
CARROS PLEGABLES - BANCO de TRABAJO,,,,,,
991004952,CARRO PLEGABLE ALUMINIO 70 kg (CARAL70) SIXELECTRI0C,"42,  9",1,,21,1
991007967,CARRO PLEGABLE 100kg (CARAC100) SIXELECTRI0C,"52,  5",5,,21,1
991004954,CARRO MULTIUSO 3en1 120 kg (GZT200 / CAR8087) SIXELECTRI0C,166,",  1",4,21,1
991004956,PLATAFORMA PLEGABLE  80 kg (YZ8022 / CAR8002) SIXELECTRIC,"91,  2",6,,21,1
"",0,,,,,
991007968,PLATAFORMA PLEGABLE PVC 150kg (CARPLABS150) SIXELECTRIC,"49,  8",7,,21,1
"",0,,,,,
991004957,PLATAFORMA PLEGABLE 300 kg (CARPLAC300) SIXELECTRIC,"81,  6",1,,21,1
"",0,,,,,
991004955,PLATAFORMA RODANTE 150 kg (YZ8058 / CAR8058) SIXELECTRI0C,"37,  3",1,,21,1
